{
   "grocery": [
        {
            "serialno": "1", 
            "item": "Apple Fuji",
            "quantity":"2",
            "unit":"kg",
            "department":"Fruits & Veg",
            "notes":"Green Apple"
        
        },
    
        {
            "serialno": "2", 
            "item": "Anchovy",
            "quantity":"1",
            "unit":"kg",
            "department":"Sea food",
            "notes":"Dried Fish"
        }
        ,
        
        {
            "serialno": "3",
             "item": "Spinach",
             "quantity":"2",
             "unit":"Nos",
             "department":"Fruits & Veg",
             "notes":"Red Spinach"
            },
        
        {
            "serialno": "4", 
            "item": "Floor mat",
            "quantity":"1",
            "unit":"Nos",
            "department":"Home Decor",
            "notes":"Medium size"
        },

        {
            "serialno": "5", 
            "item": "Hand sanitizer",
            "quantity":"1",
            "unit":"Nos",
            "department":"Health & Beauty",
            "notes":"500 ml"
        },

        {
            "serialno": "6", 
            "item": "Noodles",
            "quantity":"5",
            "unit":"Nos",
            "department":"Food_item",
            "notes":"Topraman/Maggie"
        },

        {
            "serialno": "7", 
            "item": "Washing Powder",
            "quantity":"1",
            "unit":"Kg",
            "department":"Cleaning & Laundry",
            "notes":"Ariel"
        },

        {
            "serialno": "8", 
            "item": "Cashew Nuts",
            "quantity":"1",
            "unit":"Kg",
            "department":"Dry_nuts & Fruits",
            "notes":"Salted"
        },

        {
            "serialno": "9", 
            "item": "Pen",
            "quantity":"5",
            "unit":"Nos",
            "department":"Office & stationery",
            "notes":"Reynolds Gel Black"
        },

        {
            "serialno": "10", 
            "item": "Milk",
            "quantity":"2",
            "unit":"Nos",
            "department":"Dairy Products",
            "notes":"Milma_500ml"
        }
    ]
        
}

    

